date,commodity,price,exchange_rate,rainfall_proxy,holiday_flag,shock_flag,price_lag_1,price_lag_2,price_lag_4,rolling_mean_4,rolling_std_4,rolling_mean_8,rolling_std_8,month,week_of_year,region_Adama,region_Addis Ababa,region
2020-02-02,Teff,2671.1459702448665,49.86983192507383,83.4645505633948,0,0,2693.8674254331886,2882.765764609118,2685.0688261442538,2738.055970990419,97.4683129253319,2727.4585420211865,87.673151660999,2,5,1,0,Adama
2020-02-09,Teff,2689.2569413298525,49.81172559231384,94.6011043157737,0,0,2671.1459702448665,2693.8674254331886,2704.4447236745045,2734.2590254042566,99.4889914179377,2721.091608572631,79.95306289922887,2,6,1,0,Adama
2020-02-16,Teff,2999.4157176426497,49.694747675107,102.53296687804514,1,0,2689.2569413298525,2671.1459702448665,2882.765764609118,2763.421513662639,157.63480495958524,2760.852195582633,128.03674021467435,2,7,1,0,Adama
2020-02-23,Teff,2586.0601142576143,49.66311713420152,86.85747418993179,0,0,2999.4157176426497,2689.2569413298525,2693.8674254331886,2736.4696858687457,180.97871507232674,2739.003185417006,133.68068500347636,2,8,1,0,Adama
2020-03-01,Teff,2556.930809865559,49.83778660785448,106.03877966553165,0,0,2586.0601142576143,2999.4157176426497,2671.1459702448665,2707.9158957739187,202.45627543262424,2722.985933382169,147.97813290569835,3,9,1,0,Adama
2020-03-08,Teff,2634.1163433765746,49.833294384358595,81.15768738140314,0,0,2556.930809865559,2586.0601142576143,2689.2569413298525,2694.1307462855993,205.99654232825785,2714.1948858449277,151.28896766676027,3,10,1,0,Adama
2020-03-15,Teff,2658.5294830947623,49.98047665337587,99.4562324848048,0,0,2634.1163433765746,2556.930809865559,2999.4157176426497,2608.9091876486273,45.903545004142465,2686.165350655633,135.54952669796793,3,11,1,0,Adama
2020-03-22,Teff,2991.6412010579584,50.06125683026507,87.0676694621138,1,0,2658.5294830947623,2634.1163433765746,2586.0601142576143,2710.3044593487134,192.49165849705247,2723.3870726087293,173.52984093242034,3,12,1,0,Adama
2020-03-29,Teff,2598.7987494615268,50.185583239667345,70.2913048065004,0,0,2991.6412010579584,2658.5294830947623,2556.930809865559,2720.7714442477054,182.23696264570717,2714.3436700108123,178.4565142317685,3,13,1,0,Adama
2020-04-05,Teff,2613.527293063286,50.25516776517711,76.78324281361373,0,0,2598.7987494615268,2991.6412010579584,2634.1163433765746,2715.6241816693832,185.75714958970718,2704.8774639774915,181.95164889680566,4,14,1,0,Adama
2020-04-12,Teff,2637.7154832907404,50.13490940475333,70.83193506493997,0,0,2613.527293063286,2598.7987494615268,2658.5294830947623,2710.4206817183776,188.16553962034388,2659.664934683503,137.91787623190467,4,15,1,0,Adama
2020-04-19,Teff,3048.4328608717906,50.28317850314788,62.32537452931127,1,0,2637.7154832907404,2613.527293063286,2991.6412010579584,2724.618596671836,216.47150736618008,2717.4615280102744,189.792610623734,4,16,1,0,Adama
2020-04-26,Teff,2698.3131792759,50.31736835414086,57.224993478802304,0,0,3048.4328608717906,2637.7154832907404,2598.7987494615268,2749.4972041254296,202.45600435747969,2735.1343241865675,178.98386652165493,4,17,1,0,Adama
2020-05-03,Teff,2685.4036349741878,50.419134256187775,41.05908443682615,1,0,2698.3131792759,3048.4328608717906,2613.527293063286,2767.4662896031546,189.11541261168375,2741.545235636269,175.7377437478009,5,18,1,0,Adama
2020-05-10,Teff,2587.609276017966,50.39359596295244,29.74164548002816,0,0,2685.4036349741878,2698.3131792759,2637.7154832907404,2754.939737784961,201.80810477374106,2732.6802097516693,182.19386733644558,5,19,1,0,Adama
2020-05-17,Teff,2710.047985338872,50.346008637654705,11.42271497869352,0,0,2587.609276017966,2685.4036349741878,3048.4328608717906,2670.3435189017314,56.06694985512187,2697.481057786784,149.23702012772947,5,20,1,0,Adama
2020-05-24,Teff,2664.5277383300167,50.659246844138444,2.665886346284159,0,0,2710.047985338872,2587.609276017966,2698.3131792759,2661.8971586652606,52.904524051682884,2705.6971813953446,144.77050953928023,5,21,1,0,Adama
2020-05-31,Teff,2665.7954661956546,50.65168306151467,8.21157934481024,0,0,2664.5277383300167,2710.047985338872,2685.4036349741878,2656.995116470627,50.86973002298051,2712.2307030368906,141.15081414989552,5,22,1,0,Adama
2020-06-07,Teff,2643.271783279019,50.6920770715422,28.020741688212144,0,0,2665.7954661956546,2664.5277383300167,2587.609276017966,2670.910743285891,28.06269550935218,2712.9252405354255,140.74486640113278,6,23,1,0,Adama
2020-06-14,Teff,2744.113030192687,50.73857822249251,2.7406540744519705,0,0,2643.271783279019,2665.7954661956546,2710.047985338872,2679.4270044993445,44.344443133272286,2674.8852617005377,47.04832914867437,6,24,1,0,Adama
2020-06-21,Teff,2683.737536955325,50.9698230782922,0.0,0,0,2744.113030192687,2643.271783279019,2664.5277383300167,2684.2294541556716,43.21892863573959,2673.063306410466,46.28754262589819,6,25,1,0,Adama
2020-06-28,Teff,2585.414325805203,51.08200407451392,7.379737360548586,0,0,2683.737536955325,2744.113030192687,2665.7954661956546,2664.1341690580584,66.86544479638562,2660.5646427643433,55.13371222372552,6,26,1,0,Adama
2020-07-05,Teff,2597.330975265973,51.10725221095877,0.0,0,0,2585.414325805203,2683.737536955325,2643.271783279019,2652.648967054797,75.08384474186626,2661.7798551703436,53.37506213264033,7,27,1,0,Adama
2020-07-12,Teff,2689.0028229009818,51.19527199605937,9.099323432113877,0,0,2597.330975265973,2585.414325805203,2744.113030192687,2638.8714152318707,55.10413014140161,2659.1492098656076,51.127565989374936,7,28,1,0,Adama
2020-07-19,Teff,2638.447145344519,51.35335006861483,24.034572585694317,0,0,2689.0028229009818,2597.330975265973,2683.737536955325,2627.548817329169,46.846564119082814,2655.8891357424204,51.56524060237897,7,29,1,0,Adama
2020-07-26,Teff,2669.8651651402474,51.44631189052809,33.09930736724678,0,0,2638.447145344519,2689.0028229009818,2585.414325805203,2648.6615271629303,40.06733315839156,2656.3978481104946,51.696838777574115,7,30,1,0,Adama
2020-08-02,Teff,2681.2153872470617,51.368637032946054,38.74501346200744,0,0,2669.8651651402474,2638.447145344519,2597.330975265973,2669.632630158202,22.225759561481357,2661.1407986065,52.05984744604178,8,31,1,0,Adama
2020-08-09,Teff,2692.371283125199,51.41468151756039,43.712806099467265,0,0,2681.2153872470617,2669.8651651402474,2689.0028229009818,2670.474745214257,23.244773642297133,2654.6730802230636,42.641185511724714,8,32,1,0,Adama
2020-08-16,Teff,2593.2549036876876,51.46765713150997,56.11064400382929,0,0,2692.371283125199,2681.2153872470617,2638.447145344519,2659.176684800049,44.89807197243162,2643.3627510646093,45.71957428767799,8,33,1,0,Adama
2020-08-23,Teff,2637.2594404709844,51.53987050867334,70.58740161084235,0,0,2593.2549036876876,2692.371283125199,2669.8651651402474,2651.0252536327334,45.26900804163226,2649.8433903978316,39.59653165212545,8,34,1,0,Adama
2020-08-30,Teff,2679.597093840596,51.50040977845139,87.26322881266562,0,0,2637.2594404709844,2593.2549036876876,2681.2153872470617,2650.6206802811166,44.91510671643178,2660.12665521966,34.344810534504376,8,35,1,0,Adama
2020-09-06,Teff,2589.435882280744,51.653594232398255,63.55248397279787,0,0,2679.597093840596,2637.2594404709844,2692.371283125199,2624.886830070003,42.44071518324234,2647.68078764213,39.966266910339066,9,36,1,0,Adama
2020-09-13,Teff,2693.8864805347584,51.7925573119606,92.35389585115024,0,0,2589.435882280744,2679.597093840596,2593.2549036876876,2650.044724281771,47.01892295915025,2654.61070454091,42.83962343947972,9,37,1,0,Adama
2020-09-20,Teff,2726.944003408815,51.790828466950565,95.40557692181879,0,0,2693.8864805347584,2589.435882280744,2637.2594404709844,2672.4658650162282,58.79779698116486,2661.745559324481,49.91248296444308,9,38,1,0,Adama
2020-09-27,Teff,2580.1135345561715,51.804544610906596,121.38496483776682,0,0,2726.944003408815,2693.8864805347584,2679.597093840596,2647.5949751951225,73.88142902515823,2649.1078277381193,56.62635287690507,9,39,1,0,Adama
2020-10-04,Teff,2646.615231079126,51.81252592919701,82.34117726878877,0,0,2580.1135345561715,2726.944003408815,2589.435882280744,2661.889812394718,63.7089920185429,2643.3883212323603,53.87630185327665,10,40,1,0,Adama
2020-10-11,Teff,2568.150280697391,51.770660734548585,86.02340722082631,0,0,2646.615231079126,2580.1135345561715,2693.8864805347584,2630.4557624353756,73.00096354487584,2640.2502433585732,57.80164881063425,10,41,1,0,Adama
2020-10-18,Teff,2649.8355298992883,51.91909297439624,84.96256951752491,0,0,2568.150280697391,2646.615231079126,2726.944003408815,2611.1786440579945,43.07585404262776,2641.822254537111,57.87965013664978,10,42,1,0,Adama
2020-10-25,Teff,2715.4373884332226,52.0365749236129,92.2353083078897,0,0,2649.8355298992883,2568.150280697391,2580.1135345561715,2645.009607527257,60.25859827391156,2646.3022913611894,62.42945837865371,10,43,1,0,Adama
2020-11-01,Teff,2634.7776446374132,52.022800925187774,102.93094047158283,0,0,2715.4373884332226,2649.8355298992883,2646.615231079126,2642.0502109168287,60.44385527690839,2651.9700116557733,58.461349243833794,11,44,1,0,Adama
2020-11-08,Teff,2636.4414702994923,52.01725321327175,73.01445438034044,0,0,2634.7776446374132,2715.4373884332226,2568.150280697391,2659.123008317354,38.14321941824335,2644.789385376365,56.05578799109886,11,45,1,0,Adama
2020-11-15,Teff,2632.8895510468997,52.209303638070736,68.92477530583488,0,0,2636.4414702994923,2634.7776446374132,2649.8355298992883,2654.886513604257,40.393320561462,2633.0325788311256,45.16984512923681,11,46,1,0,Adama
2020-11-22,Teff,2626.502490024335,52.30644519370938,52.8209399739701,0,0,2632.8895510468997,2636.4414702994923,2715.4373884332226,2632.652789002035,4.349381229009483,2638.831198264646,40.098858689077574,11,47,1,0,Adama
2020-11-29,Teff,2745.3041894720373,52.51119571384238,44.202570643403426,0,0,2626.502490024335,2632.8895510468997,2634.7776446374132,2660.284425210691,56.82882217483586,2651.16731806376,55.18009106989568,11,48,1,0,Adama
2020-12-06,Teff,2685.8162073824933,52.522425557848784,35.15577403400715,0,0,2745.3041894720373,2626.502490024335,2636.4414702994923,2672.6281094814412,55.26440785232502,2665.8755588993977,44.54845741031986,12,49,1,0,Adama
2020-12-13,Teff,2622.0808808844236,52.55473083509938,42.51214007645829,0,0,2685.8162073824933,2745.3041894720373,2632.8895510468997,2669.9259419408227,58.04919402402805,2662.4062277725398,46.98990260507673,12,50,1,0,Adama
2020-12-20,Teff,2718.7079889382494,52.970639955294594,0.0,0,1,2622.0808808844236,2685.8162073824933,2626.502490024335,2692.977316669301,53.159367960697594,2662.815052835668,47.52834317349971,12,51,1,0,Adama
2020-12-27,Teff,2990.686272255775,53.46899766568732,19.425174834891827,0,1,2718.7079889382494,2622.0808808844236,2745.3041894720373,2754.3228373652355,162.60092679850337,2707.303631287963,123.45743928150755,12,52,1,0,Adama
2021-01-03,Teff,2619.6302165817115,54.101385146066036,43.06919231553471,0,1,2990.686272255775,2718.7079889382494,2685.8162073824933,2737.77633966504,174.80558875940653,2705.2022245732405,124.96972759288708,1,53,1,0,Adama
2021-01-10,Teff,3162.300020148434,54.66045062913527,0.0,0,1,2619.6302165817115,2990.686272255775,2622.0808808844236,2872.831124481043,248.69440289003356,2771.3785332109323,199.28331270916388,1,1,1,0,Adama
2021-01-17,Teff,3361.762728551052,55.261302711613126,12.879145815965714,0,1,3162.300020148434,2619.6302165817115,2718.7079889382494,3033.594809384243,314.8899496124528,2863.286063026772,277.22743344810624,1,2,1,0,Adama
2021-01-24,Teff,3216.4441568396205,55.74459090358144,0.0,0,1,3361.762728551052,3162.300020148434,2990.686272255775,3090.0342805302043,324.71429841950203,2922.17855894772,297.8589448344438,1,3,1,0,Adama
2021-01-31,Teff,3320.8423976006984,56.28641615906004,18.72230262308583,0,1,3216.4441568396205,3361.762728551052,2619.6302165817115,3265.3373257849516,91.98894791989278,3001.5568327249957,310.2298846603045,1,4,1,0,Adama
2021-02-07,Teff,3348.749256876038,56.80552606586203,0.0,0,1,3320.8423976006984,3216.4441568396205,3162.300020148434,3311.949634966852,65.91897563084792,3092.3903797239473,288.89760534875217,2,5,1,0,Adama
2021-02-14,Teff,3510.96313775408,57.45503944041377,0.0,0,1,3348.749256876038,3320.8423976006984,3361.762728551052,3349.249737267609,121.92316366915537,3191.422273325926,278.09013996292396,2,6,1,0,Adama
2021-02-21,Teff,3599.321908535747,57.94550988717508,13.192955657110373,0,1,3510.96313775408,3348.749256876038,3216.4441568396205,3444.9691751916407,132.72239070237637,3267.5017278609225,297.8785430032367,2,7,1,0,Adama
2021-02-28,Teff,3727.78909818102,58.46306447016413,23.02126010573504,0,1,3599.321908535747,3510.96313775408,3320.8423976006984,3546.705850336721,159.18955852229286,3406.021588060836,192.6307865405694,2,8,1,0,Adama
2021-03-07,Teff,3592.9271705437814,58.97636143757882,16.457535617448762,0,1,3727.78909818102,3599.321908535747,3348.749256876038,3607.750328753657,89.56902514059564,3459.8499818602545,174.0688967572797,3,9,1,0,Adama
2021-03-14,Teff,4043.5761654200514,59.42378089884752,42.95757417042336,1,1,3592.9271705437814,3727.78909818102,3510.96313775408,3740.90358567015,211.1279793935469,3545.0766614688796,263.2506460452599,3,10,1,0,Adama
2021-03-21,Teff,3603.251977674229,60.03178779887973,0.4800878072515431,0,1,4043.5761654200514,3592.9271705437814,3599.321908535747,3741.88610295477,210.25682990985098,3593.4276390732057,227.34141302614404,3,11,1,0,Adama
2021-03-28,Teff,4207.42741112195,60.48158237644447,3.9632054037449436,0,1,3603.251977674229,4043.5761654200514,3727.78909818102,3861.795681190003,311.7908272263273,3704.250765763362,284.4110982035113,3,12,1,0,Adama
2021-04-04,Teff,4429.571727403266,60.866886513571124,62.263168475182425,0,1,4207.42741112195,3603.251977674229,3592.9271705437814,4070.956820404874,349.6314220400436,3839.353574579265,342.24359170517073,4,13,1,0,Adama
2021-04-11,Teff,4271.847074899749,61.297695706583,31.710933946324406,0,1,4429.571727403266,4207.42741112195,4043.5761654200514,4128.0245477747985,362.08041735143814,3934.464066722474,343.66866009869574,4,14,1,0,Adama
2021-04-18,Teff,4658.2306079089685,61.67254176416395,49.11276917210352,1,1,4271.847074899749,4429.571727403266,3603.251977674229,4391.769205333483,200.660512805605,4066.827654144127,396.07247195506994,4,15,1,0,Adama
2021-04-25,Teff,4266.842665077874,62.19950869990366,54.54258676980634,0,1,4658.2306079089685,4271.847074899749,4207.42741112195,4406.6230188224645,183.97112496682058,4134.209350006234,375.47119728900043,4,16,1,0,Adama
2021-05-02,Teff,4692.413022380127,62.76378097589041,68.92660320206744,0,1,4266.842665077874,4658.2306079089685,4429.571727403266,4472.33334256668,234.8148354103411,4271.645081485777,349.3558643530342,5,17,1,0,Adama
2021-05-09,Teff,4559.096083307093,63.16070922561026,62.66603821636816,0,1,4692.413022380127,4266.842665077874,4271.847074899749,4544.1455946685155,193.32102165084422,4336.085071221657,348.822343128662,5,18,1,0,Adama
2021-05-16,Teff,4355.72797368532,63.65669343054583,65.56546865658649,0,1,4559.096083307093,4692.413022380127,4658.2306079089685,4468.519936112603,192.98350616845408,4430.144570723043,186.81663068661086,5,19,1,0,Adama
2021-05-23,Teff,4879.41821432715,64.09323292701649,60.891299520140166,0,1,4355.72797368532,4559.096083307093,4266.842665077874,4621.663823424922,220.66518639661658,4514.143421123694,220.42186604495103,5,20,1,0,Adama
2021-05-30,Teff,4323.482237594928,64.54800229509158,52.690252567269454,0,1,4879.41821432715,4355.72797368532,4692.413022380127,4529.431127228623,255.576930001576,4500.882234897651,229.25127706765085,5,21,1,0,Adama
2021-06-06,Teff,5006.124716968333,65.08521543420089,29.88901966897364,0,1,4323.482237594928,4879.41821432715,4559.096083307093,4641.188285643933,352.3051804419134,4592.666940156224,268.1445347138892,6,22,1,0,Adama
2021-06-13,Teff,4762.926990691821,65.58485518029184,49.14598054824156,0,1,5006.124716968333,4323.482237594928,4355.72797368532,4742.988039895558,296.78094235709233,4605.75398800408,274.2861290661665,6,23,1,0,Adama
2021-06-20,Teff,5126.846434742657,65.99722331349442,67.14293519212126,0,1,4762.926990691821,5006.124716968333,4879.41821432715,4804.845094999435,354.80777752362036,4713.2544592121785,290.5305017051723,6,24,1,0,Adama
2021-06-27,Teff,5157.190358631959,66.39706131250493,35.055758727150234,0,1,5126.846434742657,4762.926990691821,4323.482237594928,5013.2721252586925,179.1976130036543,4771.351626243658,329.60978611407654,6,25,1,0,Adama
2021-07-04,Teff,5251.492619129439,66.84771503086853,60.19790747172616,0,1,5157.190358631959,5126.846434742657,5006.124716968333,5074.614100798969,214.4620556342784,4857.901193221451,355.7797502679097,7,26,1,0,Adama
2021-07-11,Teff,5270.190559935119,67.35367806786054,31.375452928393347,0,1,5251.492619129439,5157.190358631959,4762.926990691821,5201.429993109794,70.1287732474312,4972.209016502676,316.0761586987761,7,27,1,0,Adama
2021-07-18,Teff,5713.711000045819,67.79573174045353,31.83625020425189,0,1,5270.190559935119,5251.492619129439,5126.846434742657,5348.146134435584,248.67700128087003,5076.495614717509,405.9448359386288,7,28,1,0,Adama
2021-07-25,Teff,5515.985327942139,68.50325782771606,17.545340901277974,0,1,5713.711000045819,5270.190559935119,5157.190358631959,5437.844876763129,219.8811663616902,5225.558501010911,293.23383602278005,7,29,1,0,Adama
2021-08-01,Teff,5650.765110459851,68.90010020302904,36.89625657704032,0,1,5515.985327942139,5713.711000045819,5251.492619129439,5537.662999595732,196.46578444327002,5306.13855019735,312.27435250917034,8,30,1,0,Adama
2021-08-08,Teff,5982.876183614825,69.57285452003912,15.929735861689633,0,1,5650.765110459851,5515.985327942139,5270.190559935119,5715.834405515658,196.20523868916518,5458.632199312726,306.93587524433053,8,31,1,0,Adama
2021-08-15,Teff,6040.87921876815,70.02262894841971,3.943041165077867,0,1,5982.876183614825,5650.765110459851,5713.711000045819,5797.626460196241,254.5449194171761,5572.886297315912,334.65658888590144,8,32,1,0,Adama
2021-08-22,Teff,6389.473821539648,70.47431030218976,17.523766776083306,0,1,6040.87921876815,5982.876183614825,5515.985327942139,6015.998583595619,302.542218895844,5726.921730179373,394.2736508085433,8,33,1,0,Adama
2021-08-29,Teff,6496.188579185302,70.81812961605021,0.0,0,1,6389.473821539648,6040.87921876815,5650.765110459851,6227.354450776981,253.70397069611576,5882.508725186357,424.3048303278195,8,34,1,0,Adama
2021-09-05,Teff,6463.343305442959,71.30086688605613,0.0,0,1,6496.188579185302,6389.473821539648,5982.876183614825,6347.471231234015,209.20967700963317,6031.652818374836,386.3243850033935,9,35,1,0,Adama
2021-09-12,Teff,6077.3457254430205,71.85415287533748,11.319508238657574,0,1,6463.343305442959,6496.188579185302,6040.87921876815,6356.587857902733,191.43557846538513,6077.107159049487,364.33849613519624,9,36,1,0,Adama
2021-09-19,Teff,6497.005569918752,72.40355589396574,24.635987008616503,0,1,6077.3457254430205,6463.343305442959,6389.473821539648,6383.470794997508,204.68481471378456,6199.734689296563,309.45912609668915,9,37,1,0,Adama
2021-09-26,Teff,6455.19234842639,72.93593590672634,0.0,0,1,6497.005569918752,6077.3457254430205,6496.188579185302,6373.22173730778,198.07921794338176,6300.288094042381,224.67683921064796,9,38,1,0,Adama
2021-10-03,Teff,6061.957261058668,73.51310577779118,0.0,0,1,6455.19234842639,6497.005569918752,6463.343305442959,6272.875226211708,235.36646441811882,6310.1732287228615,209.97527490909204,10,39,1,0,Adama
2021-10-10,Teff,6599.043446831686,74.05053378334891,34.19451684342465,0,1,6061.957261058668,6455.19234842639,6077.3457254430205,6403.299656558874,235.4456144307918,6379.943757230803,200.21796638327336,10,40,1,0,Adama
2021-10-17,Teff,6717.2058042080225,74.50376366321773,34.70018702006764,0,1,6599.043446831686,6061.957261058668,6497.005569918752,6458.349715131192,285.1538459628055,6420.91025506435,233.25016401345988,10,41,1,0,Adama
2021-10-24,Teff,6817.322545499063,74.79424791094972,27.810122090461213,0,1,6717.2058042080225,6599.043446831686,6455.19234842639,6548.882264399361,336.65269030658254,6461.05200085357,272.403186726516,10,42,1,0,Adama
2021-10-31,Teff,7084.17176573921,75.44432389001315,30.607559651185184,0,1,6817.322545499063,6717.2058042080225,6061.957261058668,6804.435890569495,206.73120200193685,6538.655558390602,350.4117918650482,10,43,1,0,Adama
2021-11-07,Teff,7597.269163939116,76.06657398150185,35.06966584847898,1,1,7084.17176573921,6817.322545499063,6599.043446831686,7053.992319846353,393.91127067197937,6728.645988202613,459.5967275252758,11,44,1,0,Adama
2021-11-14,Teff,7064.0480281335185,76.69644783189622,44.34913380101231,0,1,7597.269163939116,7084.17176573921,6717.2058042080225,7140.7028758277265,327.66819882628994,6799.526295479459,462.48539204628,11,45,1,0,Adama
2021-11-21,Teff,7179.990941191032,77.19272560824524,47.513660865769396,0,1,7064.0480281335185,7597.269163939116,6817.322545499063,7231.36997475072,249.12243863494518,6890.126119575039,456.347301879281,11,46,1,0,Adama
2021-11-28,Teff,7464.942500819592,77.73756463760682,38.885889157231176,0,1,7179.990941191032,7064.0480281335185,7084.17176573921,7326.562658520815,246.86581531866815,7065.499274545155,349.7497647471683,11,47,1,0,Adama
2021-12-05,Teff,7196.152980515603,77.46793909978746,99.11214729536131,0,0,7464.942500819592,7179.990941191032,7597.269163939116,7226.283612664936,169.6361952428626,7140.137966255645,295.48898042272367,12,48,1,0,Adama
2021-12-12,Teff,7204.868150716529,77.55236591573839,102.82492612188955,0,0,7196.152980515603,7464.942500819592,7064.0480281335185,7261.488643310689,136.02692944237634,7201.095759569208,241.06541063122813,12,49,1,0,Adama
2021-12-19,Teff,7232.738614233222,77.59410920305636,119.12995854580132,0,0,7204.868150716529,7196.152980515603,7179.990941191032,7274.675561571236,127.80073822021181,7253.022768160978,184.75304059468172,12,50,1,0,Adama
2021-12-26,Teff,7290.957872914883,77.64487127860147,119.22940740275186,0,0,7232.738614233222,7204.868150716529,7464.942500819592,7231.179404595059,42.79808747230775,7278.871031557937,171.7636047643916,12,51,1,0,Adama
2022-01-02,Teff,7123.226212397117,77.55057078732843,108.31006475946582,0,0,7290.957872914883,7232.738614233222,7196.152980515603,7212.947712565438,69.74355840922259,7219.615662615188,120.28389067479137,1,52,1,0,Adama
2022-01-09,Teff,7275.963166903116,77.54533278298199,94.79906512356455,0,0,7123.226212397117,7290.957872914883,7204.868150716529,7230.721466612084,75.79475499182641,7246.105054961387,103.25955478262775,1,1,1,0,Adama
2022-01-16,Teff,7216.206528191321,77.66174149981082,90.09340416043892,0,0,7275.963166903116,7123.226212397117,7232.738614233222,7226.588445101609,76.09822980512718,7250.632003336423,100.70937631763178,1,2,1,0,Adama
2022-01-23,Teff,7099.38244427449,77.74528119303231,83.5652557292969,0,0,7216.206528191321,7275.963166903116,7290.957872914883,7178.694587941512,82.12892087678293,7204.936996268286,66.80442646293544,1,3,1,0,Adama
2022-01-30,Teff,6996.301134878494,77.76683909779045,70.31828911746243,0,0,7099.38244427449,7216.206528191321,7123.226212397117,7146.963318561855,124.36319946309713,7179.955515563646,99.78476011956839,1,4,1,0,Adama
2022-02-06,Teff,7034.278811635754,77.94209527933941,43.06192663389131,0,0,6996.301134878494,7099.38244427449,7275.963166903116,7086.542229745015,96.35459075026604,7158.63184817855,111.2670281131133,2,5,1,0,Adama
2022-02-13,Teff,6877.309485106609,78.06307698827368,36.326536601404825,0,0,7034.278811635754,6996.301134878494,7216.206528191321,7001.817968973837,93.28331605099595,7114.203207037723,143.68700447063284,2,6,1,0,Adama
2022-02-20,Teff,6923.07140280324,78.19568869087522,32.80325566615083,0,0,6877.309485106609,7034.278811635754,7099.38244427449,6957.740208606024,70.74868707193743,7068.217398273768,137.78517678690267,2,7,1,0,Adama
2022-02-27,Teff,7051.642444912455,78.45966393150914,13.668228374359437,0,0,6923.07140280324,6877.309485106609,6996.301134878494,6971.575536114515,84.8157806985197,7059.269427338185,136.01550046759175,2,8,1,0,Adama
2022-03-06,Teff,6926.063696455323,78.51887238447922,27.15840391946611,0,0,7051.642444912455,6923.07140280324,7034.278811635754,6944.521757319407,74.81788771452713,7015.53199353221,110.18516857550823,3,9,1,0,Adama
2022-03-13,Teff,7054.236550571053,78.52903842179975,11.01851142912001,0,0,6926.063696455323,7051.642444912455,6877.309485106609,6988.753523685517,74.1332104277402,6995.285746329678,78.31610789133015,3,10,1,0,Adama
2022-03-20,Teff,6904.401336595007,78.58872228838463,1.5145136666504833,0,0,7054.236550571053,6926.063696455323,6923.07140280324,6984.08600713346,80.00251305484969,6970.913107869742,71.31974145909035,3,11,1,0,Adama
2022-03-27,Teff,6896.287534829121,78.58625897338493,12.647216120155216,0,0,6904.401336595007,7054.236550571053,7051.642444912455,6945.247279612626,73.73854423369038,6958.41140786357,74.90910955897473,3,12,1,0,Adama
2022-04-03,Teff,6812.336229706671,78.62848724513076,6.1645951163929436,0,0,6896.287534829121,6904.401336595007,6926.063696455323,6916.815412925463,100.62466872524361,6930.668585122435,83.41326022855634,4,13,1,0,Adama
2022-04-10,Teff,6870.589105150123,78.70373624057247,4.44094777277261,0,0,6812.336229706671,6896.287534829121,7054.236550571053,6870.903551570231,41.620020320826896,6929.8285376278745,84.0587454399749,4,14,1,0,Adama
2022-04-17,Teff,6894.820045223792,78.73765778143695,2.0469616493229914,0,0,6870.589105150123,6812.336229706671,6904.401336595007,6868.508228727426,39.258226549976165,6926.297117930443,84.97165667220247,4,15,1,0,Adama
2022-04-24,Teff,6966.131500261245,78.69136768968185,5.126998811707627,0,0,6894.820045223792,6870.589105150123,6896.287534829121,6885.969220085457,63.672844751382506,6915.608249849041,71.21655994809699,4,16,1,0,Adama
2022-05-01,Teff,6807.792219353245,78.78650528838945,6.8281734716886735,0,0,6966.131500261245,6894.820045223792,6812.336229706671,6884.833217497101,65.44045038567465,6900.824315211282,80.41770519075574,5,17,1,0,Adama
2022-05-08,Teff,6864.3934805699255,78.93127949565682,25.5037527505432,0,0,6807.792219353245,6966.131500261245,6870.589105150123,6883.284311352051,65.96122423604628,6877.0939314611405,51.48632829372239,5,18,1,0,Adama
2022-05-15,Teff,6854.244627954335,78.82749740124811,16.784994111392823,0,0,6864.3934805699255,6807.792219353245,6894.820045223792,6873.140457034688,66.71153883796072,6870.8243428810565,50.734361948254374,5,19,1,0,Adama
2022-05-22,Teff,7184.882990022885,78.96995584501073,37.80623466927887,1,0,6854.244627954335,6864.3934805699255,6966.131500261245,6927.828329475097,173.1322302246527,6906.898774780278,122.81889744174202,5,20,1,0,Adama
2022-05-29,Teff,6963.352090793099,78.9811276401756,28.01293289484814,0,0,7184.882990022885,6854.244627954335,6807.792219353245,6966.718297335061,153.54462859603566,6925.7757574160805,117.70759724978491,5,21,1,0,Adama
2022-06-05,Teff,6816.630305852386,79.0987660355218,45.32365794657643,0,0,6963.352090793099,7184.882990022885,6864.3934805699255,6954.777503655676,165.54311196643388,6919.030907503864,122.75921155907201,6,22,1,0,Adama
2022-06-12,Teff,6703.324873433909,79.08085326142306,66.23127955918333,0,0,6816.630305852386,6963.352090793099,6854.244627954335,6917.047565025569,207.87892215672935,6895.094011030129,144.83877506569812,6,23,1,0,Adama
2022-06-19,Teff,6694.424492590301,79.04219685346679,66.70522057428302,0,0,6703.324873433909,6816.630305852386,7184.882990022885,6794.432940667423,125.60357200626503,6861.13063507126,157.13585516095188,6,24,1,0,Adama
2022-06-26,Teff,6571.871242307368,79.08557544464587,73.35134663391548,0,0,6694.424492590301,6703.324873433909,6963.352090793099,6696.562728545991,100.02414461377624,6831.640512940527,187.73477116274083,6,25,1,0,Adama
2022-07-03,Teff,6569.457210586271,78.98831511895973,91.4367248461247,0,0,6571.871242307368,6694.424492590301,6816.630305852386,6634.769454729461,74.11802150821266,6794.7734791925695,208.2252598408585,7,26,1,0,Adama
2022-07-10,Teff,6621.470179425183,78.9378139333839,100.74403299831322,0,0,6569.457210586271,6571.871242307368,6703.324873433909,6614.305781227281,58.544629397685114,6765.676673126425,214.88486453373244,7,27,1,0,Adama
2022-07-17,Teff,6653.822010560147,78.85874469452013,103.29752384985208,0,0,6621.470179425183,6569.457210586271,6694.424492590301,6604.1551607197425,40.8770717207956,6699.294050693583,133.49844512908896,7,28,1,0,Adama
2022-07-24,Teff,6680.157529418458,78.80519170026115,90.58264801606494,0,0,6653.822010560147,6621.470179425183,6571.871242307368,6631.226732497515,47.66352079275488,6663.894730521753,80.50510801849116,7,29,1,0,Adama
2022-07-31,Teff,6454.484689961511,78.77180079012946,110.68065645152065,0,0,6680.157529418458,6653.822010560147,6569.457210586271,6602.483602341325,101.5431587733934,6618.626528535393,84.09028748631683,7,30,1,0,Adama
2022-08-07,Teff,6564.909049040511,79.02373374412763,98.54876397995874,0,0,6454.484689961511,6680.157529418458,6621.470179425183,6588.343319745157,101.95522850714414,6601.324550486219,78.20771387432802,8,31,1,0,Adama
2022-08-14,Teff,6563.215592615251,79.09410734874886,95.88414424743652,0,0,6564.909049040511,6454.484689961511,6653.822010560147,6565.691715258932,92.1523536261195,6584.923437989338,69.12498730279935,8,32,1,0,Adama
2022-08-21,Teff,6547.013428468787,78.93048681143853,77.64987424942048,0,0,6563.215592615251,6564.909049040511,6680.157529418458,6532.405690021515,52.569911287375206,6581.816211259515,70.34346069049712,8,33,1,0,Adama
2022-08-28,Teff,6512.234830927382,79.03411918373808,70.18519070908084,0,0,6547.013428468787,6563.215592615251,6454.484689961511,6546.843225262983,24.44175613669871,6574.663413802154,74.56247690260791,8,34,1,0,Adama
2022-09-04,Teff,6483.357664419397,79.06230211959284,75.35035501527345,0,0,6512.234830927382,6547.013428468787,6564.909049040511,6526.455379107704,35.74718493623396,6557.3993494264305,78.08276190324064,9,35,1,0,Adama
2022-09-11,Teff,6520.20003884111,79.13914622021846,72.73605424527113,0,0,6483.357664419397,6512.234830927382,6563.215592615251,6515.701490664169,26.19678867534619,6540.6966029615505,68.17312955915105,9,36,1,0,Adama
2022-09-18,Teff,6389.5926896179435,79.21279720457551,48.64204167865216,0,0,6520.20003884111,6483.357664419397,6547.013428468787,6476.346305951458,59.96244715889954,6504.375997986486,60.19323764903932,9,37,1,0,Adama
2022-09-25,Teff,6453.978884778089,79.2102825518405,44.01503026886983,0,0,6389.5926896179435,6520.20003884111,6512.234830927382,6461.782319414135,55.22789662665433,6504.312772338559,60.253364380461534,9,38,1,0,Adama
2022-10-02,Teff,6323.114665745298,79.23131781382484,58.651778264366925,0,0,6453.978884778089,6389.5926896179435,6483.357664419397,6421.72156974561,84.64460940371023,6474.088474426657,82.17234070872486,10,39,1,0,Adama
2022-10-09,Teff,6410.81697389716,79.302093580856,14.259398318217567,0,0,6323.114665745298,6453.978884778089,6520.20003884111,6394.3758035096225,54.54009935943506,6455.038647086896,75.99109651992813,10,40,1,0,Adama
2022-10-16,Teff,6382.905230311764,79.22816004147413,0.0,0,0,6410.81697389716,6323.114665745298,6389.5926896179435,6392.703938683078,54.83728250440817,6434.525122317268,69.48788082384391,10,41,1,0,Adama
2022-10-23,Teff,6400.863036904719,79.15150833888063,0.0,0,0,6382.905230311764,6410.81697389716,6453.978884778089,6379.424976714736,39.276843043628766,6420.603648064435,62.50009907283005,10,42,1,0,Adama
2022-10-30,Teff,6325.133268890595,79.18637508460084,0.0,0,0,6400.863036904719,6382.905230311764,6323.114665745298,6379.929627501059,38.31331763997187,6400.825598623335,64.79747956094216,10,43,1,0,Adama
2022-11-06,Teff,6279.241656932749,79.2079437559804,0.0,0,0,6325.133268890595,6400.863036904719,6410.81697389716,6347.035798259956,55.557040258771934,6370.70580088479,56.90314286497107,11,44,1,0,Adama
2022-11-13,Teff,6377.965443103427,78.9725516424902,0.0,0,0,6279.241656932749,6325.133268890595,6382.905230311764,6345.800851457872,54.539528683186795,6369.252395070475,56.49887787357817,11,45,1,0,Adama
2020-02-02,Teff,2964.8328099146297,50.30728380580044,75.7394933416319,0,0,2971.8856235379512,2971.430991712293,2944.405994097654,2986.6302904056297,34.64453433139341,2978.1854311440347,35.45082592860239,2,5,0,1,Addis Ababa
2020-02-09,Teff,2928.762590689327,50.36403662626923,70.67734267963243,0,0,2964.8328099146297,2971.8856235379512,3038.3717364576455,2959.2280039635502,20.56439884042786,2969.9482910682505,37.58339669301629,2,6,0,1,Addis Ababa
2020-02-16,Teff,2969.9873074947045,50.42512888524022,91.15812705310948,0,0,2928.762590689327,2964.8328099146297,2971.430991712293,2958.867082909153,20.28967015876213,2969.9538648434577,34.30879343000343,2,7,0,1,Addis Ababa
2020-02-23,Teff,3092.613909225447,50.41495822401728,108.7468847098894,0,0,2969.9873074947045,2928.762590689327,2971.8856235379512,2989.049154331027,71.43741679206813,2985.2863703912067,53.75521305823484,2,8,0,1,Addis Ababa
2020-03-01,Teff,3213.6963527672165,50.442013178634085,99.84370790469592,1,0,3092.613909225447,2969.9873074947045,2964.8328099146297,3051.2650400441735,128.72008421612747,3018.947665224902,93.85597875819619,3,9,0,1,Addis Ababa
2020-03-08,Teff,2933.5906975550783,50.60121240506985,86.04119040468333,0,0,3213.6963527672165,3092.613909225447,2928.762590689327,3052.4720667606116,127.2021401420435,3005.850035362081,97.97867651612307,3,10,0,1,Addis Ababa
2020-03-15,Teff,3044.0880519474304,50.673076236675236,97.43348369997533,0,0,2933.5906975550783,3213.6963527672165,2969.9873074947045,3070.997252873793,116.09619500119896,3014.9321678914735,97.69949675211932,3,11,0,1,Addis Ababa
2020-03-22,Teff,2976.9680614520107,50.56474681532155,80.33396676232843,0,0,3044.0880519474304,2933.5906975550783,3092.613909225447,3042.085790930434,123.10659061976682,3015.5674726307307,97.39564463670474,3,12,0,1,Addis Ababa
2020-03-29,Teff,3006.7214441314013,50.50169158485339,94.34438128974669,0,0,2976.9680614520107,3044.0880519474304,3213.6963527672165,2990.3420637714803,46.749320321096164,3020.803551907827,95.38365775654287,3,13,0,1,Addis Ababa
2020-04-05,Teff,2958.039123838868,50.64046643081272,81.5962965382036,0,0,3006.7214441314013,2976.9680614520107,2933.5906975550783,2996.4541703424275,37.549202500970736,3024.4631185515195,91.84380423442703,4,14,0,1,Addis Ababa
2020-04-12,Teff,3054.982348789241,50.53965110185798,63.65728374928311,0,0,2958.039123838868,3006.7214441314013,3044.0880519474304,2999.1777445528805,42.25603465778575,3035.0874987133366,89.52875071106264,4,15,0,1,Addis Ababa
2020-04-19,Teff,3040.62629111971,50.548612770989344,55.27867919028681,0,0,3054.982348789241,2958.039123838868,2976.9680614520107,3015.092301969805,43.08262152715151,3028.5890464501194,86.59539057970336,4,16,0,1,Addis Ababa
2020-04-26,Teff,2996.2098127485906,50.49482978333779,60.643693114329224,0,0,3040.62629111971,3054.982348789241,3006.7214441314013,3012.4643941241025,44.072630859418865,3001.403228947791,43.69125807384403,4,17,0,1,Addis Ababa
2020-05-03,Teff,2998.2086980445024,50.624389329727386,46.95258023621631,0,0,2996.2098127485906,3040.62629111971,2958.039123838868,3022.506787675511,29.804398583315972,3009.4804790089693,34.334930339492985,5,18,0,1,Addis Ababa
2020-05-10,Teff,2996.9567956262626,50.63452549072586,43.52041439339744,0,0,2998.2086980445024,2996.2098127485906,3054.982348789241,3008.0003993847663,21.76622263842915,3003.589071968823,31.472666634041683,5,19,0,1,Addis Ababa
2020-05-17,Teff,2989.0164056081244,50.78877465245981,5.219600866950028,0,0,2996.9567956262626,2998.2086980445024,3040.62629111971,2995.0979280068696,4.137369591839299,3005.095114988337,30.282574656330603,5,20,0,1,Addis Ababa
2020-05-24,Teff,3037.1855641885613,50.75984881959001,15.731000949721054,0,0,2989.0164056081244,2996.9567956262626,2996.2098127485906,3005.3418658668625,21.615837261789725,3008.9031299954827,32.360435392945924,5,21,0,1,Addis Ababa
2020-05-31,Teff,3045.7701058851035,50.76716194018604,4.299597162204323,0,0,3037.1855641885613,2989.0164056081244,2998.2086980445024,3017.2322178270133,28.40053925796835,3019.8695027512617,27.098551857311037,5,22,0,1,Addis Ababa
2020-06-07,Teff,3008.777664697742,50.95434815354102,5.707407402121042,0,0,3045.7701058851035,3037.1855641885613,2996.9567956262626,3020.187435094883,26.110185606553134,3014.093917239825,23.187368482069175,6,23,0,1,Addis Ababa
2020-06-14,Teff,2980.394592343392,51.07166070381842,0.0,0,0,3008.777664697742,3045.7701058851035,2989.0164056081244,3018.0319817787,29.656245639063616,3006.564954892785,23.12010208347068,6,24,0,1,Addis Ababa
2020-06-21,Teff,3017.275897194438,50.856143099062066,0.0,0,0,2980.394592343392,3008.777664697742,3037.1855641885613,3013.054565030169,26.91401091765114,3009.198215448516,22.971400446700617,6,25,0,1,Addis Ababa
2020-06-28,Teff,2991.9357144166997,50.87722941341507,0.0,0,0,3017.275897194438,2980.394592343392,3045.7701058851035,2999.5959671630676,16.575642397162873,3008.41409249504,23.5010708814657,6,26,0,1,Addis Ababa
2020-07-05,Teff,3070.1979369329647,50.83292373256835,9.867775782137727,0,0,2991.9357144166997,3017.275897194438,3008.777664697742,3014.9510352218736,39.922749855377496,3017.569235158378,31.354067889491123,7,27,0,1,Addis Ababa
2020-07-12,Teff,3003.0115104970514,50.715573270369326,11.176267577084237,0,0,3070.1979369329647,2991.9357144166997,2980.394592343392,3020.6052647602883,34.65064274340756,3019.3186232694943,29.889614570985348,7,28,0,1,Addis Ababa
2020-07-19,Teff,2987.0485677630554,50.81334868031268,43.06908923123678,0,0,3003.0115104970514,3070.1979369329647,3017.275897194438,3013.048432402443,38.680509697740064,3013.0514987163056,30.84902757827465,7,29,0,1,Addis Ababa
2020-07-26,Teff,3057.141140725751,50.82119885827869,21.022798953178135,0,0,2987.0485677630554,3003.0115104970514,2991.9357144166997,3029.349788979706,40.513490152185575,3014.4728780713867,32.773822831562725,7,30,0,1,Addis Ababa
2020-08-02,Teff,3069.200785946634,50.79101607394372,43.548555416921445,0,0,3057.141140725751,2987.0485677630554,3070.1979369329647,3029.100501233123,40.180056593033385,3022.0257682274982,37.84404744344265,8,31,0,1,Addis Ababa
2020-08-09,Teff,2950.4731837434656,50.98024864929291,59.89758291790706,0,0,3069.200785946634,3057.141140725751,3003.0115104970514,3015.965919544726,56.72994951796868,3018.285592152508,43.58884144985869,8,32,0,1,Addis Ababa
2020-08-16,Teff,3471.1177126548528,51.11760759085645,50.16448294649696,1,0,2950.4731837434656,3069.200785946634,2987.0485677630554,3136.983205767676,229.0568115811482,3075.0158190850593,165.87829892716078,8,33,0,1,Addis Ababa
2020-08-23,Teff,3023.679621531759,51.06137721948384,61.92167520734347,0,0,3471.1177126548528,2950.4731837434656,3057.141140725751,3128.617825969178,233.51238177665502,3078.9838074744416,163.97578754953838,8,34,0,1,Addis Ababa
2020-08-30,Teff,2980.586780051169,51.26637065998559,65.51142521459238,0,0,3023.679621531759,3471.1177126548528,3069.200785946634,3106.4643244953113,244.95155489017768,3067.7824128642173,167.68057467880155,8,35,0,1,Addis Ababa
2020-09-06,Teff,2938.4567841783023,51.39772238172256,73.99420619765097,0,0,2980.586780051169,3023.679621531759,2950.4731837434656,3103.460224604021,247.5621079480386,3059.7130720743735,172.72040173462048,9,36,0,1,Addis Ababa
2020-09-13,Teff,2983.7754521085553,51.5784366571508,91.95799253849896,0,0,2938.4567841783023,2980.586780051169,3471.1177126548528,2981.6246594674462,34.82235103051432,3059.3039326175613,172.92087910209244,9,37,0,1,Addis Ababa
2020-09-20,Teff,3039.0911435888656,51.654424936575644,92.8767376196263,0,0,2983.7754521085553,2938.4567841783023,3023.679621531759,2985.477539981723,41.28028828991104,3057.0476829754507,173.07082236474108,9,38,0,1,Addis Ababa
2020-09-27,Teff,3030.882042275557,51.57237927526722,86.02647649279349,0,0,3039.0911435888656,2983.7754521085553,2980.586780051169,2998.05135553782,46.60984355688578,3052.2578400165658,173.2166145754647,9,39,0,1,Addis Ababa
2020-10-04,Teff,2964.2824290986814,51.65168652259708,112.09787523853134,0,0,3030.882042275557,3039.0911435888656,2938.4567841783023,3004.507766767915,36.23772906162436,3053.983995685968,172.12275051804207,10,40,0,1,Addis Ababa
2020-10-11,Teff,3036.725053244002,51.74906981468826,118.12565744261666,0,0,2964.2824290986814,3030.882042275557,2983.7754521085553,3017.7451670517767,35.80841909513311,2999.6849132596117,37.97348541972508,10,41,0,1,Addis Ababa
2020-10-18,Teff,2958.9658840824145,51.914929372589,87.49155521437446,0,0,3036.725053244002,2964.2824290986814,3039.0911435888656,2997.7138521751635,41.79739913600764,2991.595696078444,39.01045464211096,10,42,0,1,Addis Ababa
2020-10-25,Teff,2956.6179455010315,52.00620746528265,102.36370669685724,0,0,2958.9658840824145,3036.725053244002,3030.882042275557,2979.1478279815324,38.51849519820794,2988.5995917596765,40.85364588440383,10,43,0,1,Addis Ababa
2020-11-01,Teff,2959.209485751728,51.9672560223201,88.17847341798877,0,0,2956.6179455010315,2958.9658840824145,2964.2824290986814,2977.8795921447945,39.24770539101306,2991.1936794563544,37.75633442697156,11,44,0,1,Addis Ababa
2020-11-08,Teff,3060.469098534332,52.051371219801766,78.47484255044704,0,0,2959.209485751728,2956.6179455010315,3036.725053244002,2983.8156034673766,51.115687374755126,3000.7803852595766,44.70154949649803,11,45,0,1,Addis Ababa
2020-11-15,Teff,3136.008458329481,52.07490553647797,75.98552429900778,0,0,3060.469098534332,2959.209485751728,2958.9658840824145,3028.0762470291434,86.69405733370806,3012.8950496021534,65.0630425017407,11,46,0,1,Addis Ababa
2020-11-22,Teff,3002.0990032235013,52.039189780836345,67.40116918266244,0,0,3136.008458329481,3060.469098534332,2956.6179455010315,3039.4465114597606,76.59193912440016,3009.2971697206467,64.72122779597126,11,47,0,1,Addis Ababa
2020-11-29,Teff,3035.7000247046044,52.06684350230376,49.86605310168973,0,0,3002.0990032235013,3136.008458329481,2959.209485751728,3058.5691461979795,56.89853732073551,3018.2243691713866,62.51295414289407,11,48,0,1,Addis Ababa
2020-12-06,Teff,2977.3768883827665,52.10956061103808,46.016037184586466,0,0,3035.7000247046044,3002.0990032235013,3060.469098534332,3037.7960936600884,69.70132641253628,3010.8058485637325,63.51721008769785,12,49,0,1,Addis Ababa
2020-12-13,Teff,3042.8199397161734,52.114909115831374,39.446541486439656,0,0,2977.3768883827665,3035.7000247046044,3136.008458329481,3014.4989640067615,30.45964634236699,3021.287605517952,60.59188314969895,12,50,0,1,Addis Ababa
2020-12-20,Teff,3390.3005555250465,52.67791660969147,16.890772835271967,0,1,3042.8199397161734,2977.3768883827665,3002.0990032235013,3111.549352082148,188.13234351011593,3075.497931770954,138.4495527991375,12,51,0,1,Addis Ababa
2020-12-27,Teff,2868.6721569287583,53.18373748153607,12.468065216370723,0,1,3390.3005555250465,3042.8199397161734,3035.7000247046044,3069.792385138186,225.42032615563588,3064.180765668083,152.31884939385546,12,52,0,1,Addis Ababa
2021-01-03,Teff,3501.7063636476832,53.58783667189339,10.532016332654639,0,1,2868.6721569287583,3390.3005555250465,2977.3768883827665,3200.874753954415,295.3651307933943,3119.3354238072516,216.95483567638956,1,53,0,1,Addis Ababa
2021-01-10,Teff,4065.6565223200123,54.139341440524,15.89356675096419,0,1,3501.7063636476832,2868.6721569287583,3042.8199397161734,3456.5838996053753,490.9308150107199,3235.5414318060684,399.41041300426076,1,1,0,1,Addis Ababa
2021-01-17,Teff,3487.1246906085626,54.66257105634164,9.13527075840276,0,1,4065.6565223200123,3501.7063636476832,3390.3005555250465,3480.7899333762543,488.95627797388687,3296.169642729201,395.7079144814623,1,2,0,1,Addis Ababa
2021-01-24,Teff,3493.224914415004,55.11403470155873,0.0,0,1,3487.1246906085626,4065.6565223200123,2868.6721569287583,3636.9281227478155,285.8814702516424,3353.360253943001,385.61889127925656,1,3,0,1,Addis Ababa
2021-01-31,Teff,3499.526569416315,55.57258152101974,35.34454662556311,0,1,3493.224914415004,3487.1246906085626,3501.7063636476832,3636.3831741899735,286.2270194255918,3418.6289640721943,355.936304415294,1,4,0,1,Addis Ababa
2021-02-07,Teff,3702.6655143253506,56.001051150093744,0.0,0,1,3499.526569416315,3493.224914415004,4065.6565223200123,3545.635422191308,104.80910134712616,3501.1096608983416,332.0616091516313,2,5,0,1,Addis Ababa
2021-02-14,Teff,4046.2516456816206,56.73995474583299,0.0,0,1,3702.6655143253506,3499.526569416315,3487.1246906085626,3685.417160959573,259.48166455109106,3583.1035471679133,378.52562331870905,2,6,0,1,Addis Ababa
2021-02-21,Teff,3856.2980558516433,57.03744048716723,29.64577982096189,0,1,4046.2516456816206,3702.6655143253506,3493.224914415004,3776.1854463187324,231.87575467170277,3706.556784533274,252.20993133547424,2,7,0,1,Addis Ababa
2021-02-28,Teff,4293.8892057592,57.46025857939156,3.9760154884611314,0,1,3856.2980558516433,4046.2516456816206,3499.526569416315,3974.7761054044536,254.96610603450767,3805.5796397972135,309.33579013724494,2,8,0,1,Addis Ababa
2021-03-07,Teff,4126.732856504231,58.13680400341967,14.239415165639624,0,1,4293.8892057592,3856.2980558516433,3702.6655143253506,4080.7929409491735,181.76133475056113,3813.214181570241,317.3221732319761,3,9,0,1,Addis Ababa
2021-03-14,Teff,4521.899808960676,58.67453362996571,6.118615421525043,0,1,4126.732856504231,4293.8892057592,4046.2516456816206,4199.704981768938,280.43622124076023,3942.561071364255,371.6583589672688,3,10,0,1,Addis Ababa
2021-03-21,Teff,4242.281508428614,59.30122474488437,11.106214924595644,0,1,4521.899808960676,4126.732856504231,3856.2980558516433,4296.20084491318,165.9036467250573,4036.193145615956,334.81406062692366,3,11,0,1,Addis Ababa
2021-03-28,Teff,4336.028772911622,59.79928053079442,43.602586175239594,0,1,4242.281508428614,4521.899808960676,4293.8892057592,4306.7357367012855,167.04195519204197,4140.75592105287,267.02770955298814,3,12,0,1,Addis Ababa
2021-04-04,Teff,4331.262903394391,60.46252166118758,23.180873987601334,0,1,4336.028772911622,4242.281508428614,4126.732856504231,4357.868248423826,117.54638005155607,4219.330594686499,204.97541833280025,4,13,0,1,Addis Ababa
2021-04-11,Teff,5193.427593540886,60.96837255141826,41.161538140761934,0,1,4331.262903394391,4336.028772911622,4521.899808960676,4525.750194568878,447.20134517693185,4362.7275881689075,387.0237190064506,4,14,0,1,Addis Ababa
2021-04-18,Teff,4749.271741167054,61.48827852097561,58.28590933013133,0,1,5193.427593540886,4331.262903394391,4242.281508428614,4652.497752753488,410.4122890999092,4474.349298833335,346.77736254091656,4,15,0,1,Addis Ababa
2021-04-25,Teff,5206.157589091217,61.79854082272675,56.821885720545154,0,1,4749.271741167054,5193.427593540886,4336.028772911622,4870.0299567983875,417.30097097000544,4588.382846749836,421.007312846274,4,16,0,1,Addis Ababa
2021-05-02,Teff,5273.278760133452,62.28336231322319,49.08386491675318,0,1,5206.157589091217,4749.271741167054,4331.262903394391,5105.533920983152,240.07741257638247,4731.701084703489,436.2782307402629,5,17,0,1,Addis Ababa
2021-05-09,Teff,5131.574393116513,62.87186135994186,63.933098686871595,0,1,5273.278760133452,5206.157589091217,5193.427593540886,5090.070620877059,234.45528784871354,4807.910407722969,447.499411409373,5,18,0,1,Addis Ababa
2021-05-16,Teff,5368.165814975011,63.461821347485184,50.60724210789667,0,1,5131.574393116513,5273.278760133452,4749.271741167054,5244.794139329048,100.57076765608258,4948.645946041268,420.4229499910816,5,19,0,1,Addis Ababa
2021-05-23,Teff,5296.161761310373,64.0169950485317,71.16266507906272,0,1,5368.165814975011,5131.574393116513,5206.157589091217,5267.2951823838375,99.10280813431959,5068.662569591112,352.039713623493,5,20,0,1,Addis Ababa
2021-05-30,Teff,5436.720317194998,64.5717047866487,30.028660985238396,0,1,5296.161761310373,5368.165814975011,5273.278760133452,5308.155571649224,130.96422819449862,5206.844746316188,209.24266361098802,5,21,0,1,Addis Ababa
2021-06-06,Teff,5684.42230147563,65.03091325137157,50.38234397285118,0,1,5436.720317194998,5296.161761310373,5131.574393116513,5446.367548739003,168.76060373374804,5268.219084808031,268.39290807272283,6,22,0,1,Addis Ababa
2021-06-13,Teff,5716.591043161149,65.59910854850106,49.690832840811886,0,1,5684.42230147563,5436.720317194998,5368.165814975011,5533.473855785537,201.6561553590822,5389.133997557293,213.4783395804637,6,23,0,1,Addis Ababa
2021-06-20,Teff,6085.182658270839,66.29034031248506,49.45445595294062,0,1,5716.591043161149,5684.42230147563,5296.161761310373,5730.729080025654,267.34664986250993,5499.012131204746,310.1678688999188,6,24,0,1,Addis Ababa
2021-06-27,Teff,6108.131104964547,66.90615139983507,12.212874200342846,0,1,6085.182658270839,5716.591043161149,5436.720317194998,5898.581776968042,229.2856427410701,5603.368674308633,359.8366321691113,6,25,0,1,Addis Ababa
2021-07-04,Teff,6079.452432386012,67.33623674202587,42.59440682476565,0,1,6108.131104964547,6085.182658270839,5684.42230147563,5997.339309695637,187.57525589118552,5721.85342921732,337.66712618219117,7,26,0,1,Addis Ababa
2021-07-11,Teff,6205.460249132911,67.75368702234663,0.0,0,1,6079.452432386012,6108.131104964547,5716.591043161149,6119.556611188577,58.59434273375208,5826.515233487058,342.1114059036199,7,27,0,1,Addis Ababa
2021-07-18,Teff,6382.315735328804,68.21035668165636,27.556872314182407,0,1,6205.460249132911,6079.452432386012,6085.182658270839,6193.839880453068,136.73412559960684,5962.284480239362,316.10454505559443,7,28,0,1,Addis Ababa
2021-07-25,Teff,6203.685514519523,68.56554824750663,24.213978447263926,0,1,6382.315735328804,6205.460249132911,6108.131104964547,6217.728482841812,124.57520396470885,6058.155129904927,241.41899024909847,7,29,0,1,Addis Ababa
2021-08-01,Teff,6888.512367917777,68.86184065400941,0.08013621077503785,0,1,6203.685514519523,6382.315735328804,6079.452432386012,6419.9934667247535,323.389962664188,6208.666388210196,333.07436034438456,8,30,0,1,Addis Ababa
2021-08-08,Teff,6508.831581649263,69.39411251004323,2.114574012826429,0,1,6888.512367917777,6203.685514519523,6205.460249132911,6495.836299853842,290.1737248159459,6307.69645552121,279.30400000356263,8,31,0,1,Addis Ababa
2021-08-15,Teff,6682.087333306308,69.74955151279602,11.163186706172446,0,1,6508.831581649263,6888.512367917777,6382.315735328804,6570.779199348218,289.7925395141696,6382.309539900643,290.85939446576725,8,32,0,1,Addis Ababa
2021-08-22,Teff,6976.3170188876575,70.27196076097707,0.0,0,1,6682.087333306308,6508.831581649263,6203.685514519523,6763.937075440251,210.08128357405835,6490.832779141032,332.8764323953171,8,33,0,1,Addis Ababa
2021-08-29,Teff,7116.3933865485105,70.9995368907338,1.5581394969845919,0,1,6976.3170188876575,6682.087333306308,6888.512367917777,6820.907330097935,275.7574086073415,6620.450398411344,351.18849247965824,8,34,0,1,Addis Ababa
2021-09-05,Teff,7264.8148010105415,71.58676895440585,0.0,0,1,7116.3933865485105,6976.3170188876575,6508.831581649263,7009.903134938254,248.2682408060425,6752.869717396048,371.4918095168738,9,35,0,1,Addis Ababa
2021-09-12,Teff,7016.719894491527,72.07099655858045,34.38170906072136,0,1,7264.8148010105415,7116.3933865485105,6682.087333306308,7093.56127523456,128.45218155491477,6832.170237291388,348.0642868471496,9,36,0,1,Addis Ababa
2021-09-19,Teff,7672.45908718849,72.60517215615816,19.47294067570221,0,1,7016.719894491527,7264.8148010105415,6976.3170188876575,7267.596792309768,288.5151094037799,7015.766933875009,356.4650980673835,9,37,0,1,Addis Ababa
2021-09-26,Teff,7663.711461648118,73.17936845781111,21.726740169640472,0,1,7672.45908718849,7016.719894491527,7116.3933865485105,7404.426311084669,320.87276688295594,7112.666820591302,417.131915607801,9,38,0,1,Addis Ababa
2021-10-03,Teff,7367.929633944128,73.79731246988324,22.35865962824776,0,1,7663.711461648118,7672.45908718849,7264.8148010105415,7430.205019318066,309.87119048929793,7220.05407712816,343.5693255663762,10,39,0,1,Addis Ababa
2021-10-10,Teff,7685.2029900674725,74.32487598567198,0.0,0,1,7367.929633944128,7663.711461648118,7016.719894491527,7597.325793212052,153.18514772606244,7345.4435342233055,299.3932761045624,10,40,0,1,Addis Ababa
2021-10-17,Teff,7693.789810893055,74.8254003556438,0.0,0,1,7685.2029900674725,7367.929633944128,7672.45908718849,7602.658474138193,156.9964047906168,7435.1276332239795,279.84668753589676,10,41,0,1,Addis Ababa
2021-10-24,Teff,7922.634550752523,75.18854134408961,21.76294870146032,0,1,7693.789810893055,7685.2029900674725,7663.711461648118,7667.389246414295,227.91851186722377,7535.907778749482,293.50530597563784,10,42,0,1,Addis Ababa
2021-10-31,Teff,7842.90743129208,75.72177274528758,50.40301850154559,0,1,7922.634550752523,7693.789810893055,7367.929633944128,7786.133695751283,116.29006963042073,7608.1693575346735,288.3452916171989,10,43,0,1,Addis Ababa
2021-11-07,Teff,8329.037507603725,76.23877003557831,63.56672749743471,0,1,7842.90743129208,7922.634550752523,7685.2029900674725,7947.092325135345,271.72103400684335,7772.2090591737,276.8618229690039,11,44,0,1,Addis Ababa
2021-11-14,Teff,8480.419188449912,76.80330763053682,61.09067065301207,0,1,8329.037507603725,7842.90743129208,7693.789810893055,8143.74966952456,309.34117948088004,7873.2040718313765,367.7302724180603,11,45,0,1,Addis Ababa
2021-11-21,Teff,8629.863208339726,77.13022032016026,35.9850566933425,0,1,8480.419188449912,8329.037507603725,7922.634550752523,8320.55683392136,341.2952188890403,7993.973040167827,440.54246077249337,11,46,0,1,Addis Ababa
2021-11-28,Teff,8448.960514975226,77.78045602536986,67.70116552890546,0,1,8629.863208339726,8480.419188449912,7842.90743129208,8472.070104842147,123.77499441213239,8129.101900296715,383.1352620610208,11,47,0,1,Addis Ababa
2021-12-05,Teff,8491.655007849125,77.79898419950636,111.9334179920943,0,0,8448.960514975226,8629.863208339726,8329.037507603725,8512.724479903498,80.15584701417582,8229.908402519422,354.69328992246614,12,48,0,1,Addis Ababa
2021-12-12,Teff,8417.459902274346,77.61223998950237,95.97717482283791,0,0,8491.655007849125,8448.960514975226,8480.419188449912,8496.984658359606,93.65827850525699,8320.367163942083,283.5845628581326,12,49,0,1,Addis Ababa
2021-12-19,Teff,8436.906641940934,77.52211479901766,86.94495000208494,0,0,8417.459902274346,8491.655007849125,8629.863208339726,8448.745516759907,31.41241410962431,8384.651175340634,234.60367047603762,12,50,0,1,Addis Ababa
2021-12-26,Teff,8421.123424268808,77.44354219438411,106.66901504704883,0,0,8436.906641940934,8417.459902274346,8448.960514975226,8441.786244083303,34.29979176413136,8456.928174462726,85.62743161526028,12,51,0,1,Addis Ababa
2022-01-02,Teff,8353.40580543694,77.32013330746085,91.1371855201376,0,0,8421.123424268808,8436.906641940934,8491.655007849125,8407.223943480256,36.85749579609844,8459.974211691877,80.72088665080314,1,52,0,1,Addis Ababa
2022-01-09,Teff,8388.67484910915,77.2701607566616,92.40752195704576,0,0,8353.40580543694,8421.123424268808,8417.459902274346,8400.027680188958,37.00258647356638,8448.506169274282,83.85745119527432,1,1,0,1,Addis Ababa
2022-01-16,Teff,8400.126504369731,77.21651953943584,84.43478064839083,0,0,8388.67484910915,8353.40580543694,8436.906641940934,8390.832645796158,28.339204491169617,8419.789081278033,41.53716418649379,1,2,0,1,Addis Ababa
2022-01-23,Teff,8455.39663383254,77.08500043321598,72.39295431250785,0,0,8400.126504369731,8388.67484910915,8421.123424268808,8399.40094818709,42.29517545698041,8420.593596135197,42.23928327706214,1,3,0,1,Addis Ababa
2022-01-30,Teff,8715.966906835853,77.00620684863632,85.51220171775984,1,0,8455.39663383254,8400.126504369731,8353.40580543694,8490.041223536819,153.40845321941086,8448.632583508537,112.37392255859194,1,4,0,1,Addis Ababa
2022-02-06,Teff,8189.744032689179,77.03415509381807,69.1855653528161,0,0,8715.966906835853,8455.39663383254,8388.67484910915,8440.308519431826,216.49661590388993,8420.168099810391,145.38865171416205,2,5,0,1,Addis Ababa
2022-02-13,Teff,8411.24800711382,76.94802883052341,51.59207089415204,1,0,8189.744032689179,8715.966906835853,8400.126504369731,8443.088895117848,215.87909515854955,8416.960770457003,145.24959498308124,2,6,0,1,Addis Ababa
2022-02-20,Teff,8359.862318770314,77.13674299403067,31.900929265133833,0,0,8411.24800711382,8189.744032689179,8455.39663383254,8419.20531635229,219.32079428627074,8409.30313226969,146.6073005474351,2,7,0,1,Addis Ababa
2022-02-27,Teff,8335.694312240441,77.3941759343799,30.04248943076218,0,0,8359.862318770314,8411.24800711382,8715.966906835853,8324.137167703439,94.97309634914782,8407.089195620129,147.70164866658277,2,8,0,1,Addis Ababa
2022-03-06,Teff,8108.0873365186735,77.32661410904143,16.99867165578656,0,0,8335.694312240441,8359.862318770314,8189.744032689179,8303.722993660813,134.1749205317028,8372.01575654632,182.02523125449707,3,9,0,1,Addis Ababa
2022-03-13,Teff,8189.806386874092,77.34938320220306,23.087037673104163,0,0,8108.0873365186735,8335.694312240441,8411.24800711382,8248.36258860088,119.95137193768022,8345.725741859364,192.28439315912382,3,10,0,1,Addis Ababa
2022-03-20,Teff,8123.032051563784,77.30431894529087,4.074751396971692,0,0,8189.806386874092,8108.0873365186735,8359.862318770314,8189.155021799248,103.95256082954938,8304.18016907577,200.9155875258284,3,11,0,1,Addis Ababa
2022-03-27,Teff,8205.413366086172,77.07404299312465,0.0,0,0,8123.032051563784,8189.806386874092,8335.694312240441,8156.58478526068,48.186075417049665,8240.36097648206,113.49824568004165,3,12,0,1,Addis Ababa
2022-04-03,Teff,8191.922376352777,77.03636586006782,4.55675478379899,0,0,8205.413366086172,8123.032051563784,8108.0873365186735,8177.543545219207,36.99260253080389,8240.633269440008,113.3619942882364,4,13,0,1,Addis Ababa
2022-04-10,Teff,8250.835603169686,77.26069790903605,5.045372269412428,0,0,8191.922376352777,8205.413366086172,8189.806386874092,8192.800849293104,52.90105571963873,8220.581718946993,90.81753585205823,4,14,0,1,Addis Ababa
2022-04-17,Teff,7964.493411838818,77.2043719933818,10.740199116690329,0,0,8250.835603169686,8191.922376352777,8123.032051563784,8153.166189361863,128.2816444100536,8171.160605580555,109.79027910848812,4,15,0,1,Addis Ababa
2022-04-24,Teff,8152.222035591657,77.0719429400648,0.0,0,0,7964.493411838818,8250.835603169686,8205.413366086172,8139.868356738234,123.73673049176907,8148.226570999457,87.38822001005832,4,16,0,1,Addis Ababa
2022-05-01,Teff,8069.517597473646,77.02675932928459,0.0,0,0,8152.222035591657,7964.493411838818,8191.922376352777,8109.267162018451,121.6911545899939,8143.405353618829,90.91196546126972,5,17,0,1,Addis Ababa
2022-05-08,Teff,8110.39134678146,76.98656246139495,7.950375328259261,0,0,8069.517597473646,8152.222035591657,8250.835603169686,8074.156097921395,80.52888568626874,8133.47847360725,89.44545299822589,5,18,0,1,Addis Ababa
2022-05-15,Teff,7958.1032572799795,76.75939801138223,35.668461528753326,0,0,8110.39134678146,8069.517597473646,7964.493411838818,8072.558559281686,83.44030375642002,8112.862374321775,109.05475283069127,5,19,0,1,Addis Ababa
2022-05-22,Teff,8011.036845109699,76.79637093982127,39.43896496656929,0,0,7958.1032572799795,8110.39134678146,8152.222035591657,8037.262261661196,66.68880522472291,8088.565309199716,107.12512519687452,5,20,0,1,Addis Ababa
2022-05-29,Teff,7935.133833337498,76.85013120602879,48.26285328889884,0,0,8011.036845109699,7958.1032572799795,8069.517597473646,8003.66632062716,77.9257133312377,8056.466741322805,110.15997271235534,5,21,0,1,Addis Ababa
2022-06-05,Teff,8035.203246671939,76.92447952132517,48.48434138554881,0,0,7935.133833337498,8011.036845109699,8110.39134678146,7984.869295599779,46.217905230707004,8029.5126967605875,77.28172461744539,6,22,0,1,Addis Ababa
2022-06-12,Teff,7896.155758417033,77.06460091354157,41.1233605524847,0,0,8035.203246671939,7935.133833337498,7958.1032572799795,7969.382420884042,64.8140468572388,8020.970490082864,88.46312060655984,6,23,0,1,Addis Ababa
2022-06-19,Teff,7851.399054388294,77.18976021760874,52.14078436199092,0,0,7896.155758417033,8035.203246671939,8011.036845109699,7929.472973203691,78.35072785352615,7983.367617432444,88.63711033898345,6,24,0,1,Addis Ababa
2022-06-26,Teff,7721.831292460861,77.29270077572708,65.13923173856669,0,0,7851.399054388294,7896.155758417033,7935.133833337498,7876.147337984532,129.26076798946082,7939.906829305845,120.0383692745048,6,25,0,1,Addis Ababa
2022-07-03,Teff,7916.528399200193,77.32922021373915,90.48406810506579,0,0,7721.831292460861,7851.399054388294,8035.203246671939,7846.4786261165955,87.4375140401994,7915.6739608581875,98.30578799721657,7,26,0,1,Addis Ababa
2022-07-10,Teff,8036.6726225986495,77.41249840034978,85.04598685309745,0,0,7916.528399200193,7721.831292460861,7896.155758417033,7881.607842161999,131.28296173907867,7925.495131523021,106.71523085736722,7,27,0,1,Addis Ababa
2022-07-17,Teff,7767.174872970423,77.32335935662043,99.5329172752198,0,0,8036.6726225986495,7916.528399200193,7851.399054388294,7860.551796807531,143.8918037094982,7895.012385005611,113.40907012193034,7,28,0,1,Addis Ababa
2022-07-24,Teff,7767.713331402445,77.44711335104621,114.82995181848814,0,0,7767.174872970423,8036.6726225986495,7721.831292460861,7872.022306542927,130.3378500699064,7874.08482226373,120.19206990416644,7,29,0,1,Addis Ababa
2022-07-31,Teff,7754.090618600888,77.42437255680126,97.06880589264424,0,0,7767.713331402445,7767.174872970423,7916.528399200193,7831.412861393101,136.98472917113722,7838.945743754848,106.69339194707423,7,30,0,1,Addis Ababa
2022-08-07,Teff,7918.710370998092,77.48571604712363,107.45729960737877,0,0,7754.090618600888,7767.713331402445,8036.6726225986495,7801.922298492962,78.11308147097776,7841.765070327481,108.70023022660935,8,31,0,1,Addis Ababa
2022-08-14,Teff,7827.858484894553,77.52277546748172,86.22576109150049,0,0,7918.710370998092,7754.090618600888,7767.174872970423,7817.093201473995,74.94361766521408,7838.822499140763,108.72080233806824,8,32,0,1,Addis Ababa
2022-08-21,Teff,7674.221325857215,77.5707723301137,79.44738420726573,0,0,7827.858484894553,7918.710370998092,7767.713331402445,7793.720200087687,104.30476177210197,7832.871253315307,117.02548880975462,8,33,0,1,Addis Ababa
2022-08-28,Teff,8238.533482633575,77.64979979201988,105.67637656698784,1,0,7674.221325857215,7827.858484894553,7754.090618600888,7914.830916095859,238.22648919140633,7873.121888744479,185.34414794275452,8,34,0,1,Addis Ababa
2022-09-04,Teff,7847.920728626748,77.5558243492042,77.25846526034438,0,0,8238.533482633575,7674.221325857215,7918.710370998092,7897.133505503023,240.46116117953878,7849.527901997992,173.1638441636267,9,35,0,1,Addis Ababa
2022-09-11,Teff,7913.457134837181,77.56324565719423,58.43313265108161,0,0,7847.920728626748,8238.533482633575,7827.858484894553,7918.53316798868,236.00872885253784,7867.813184731337,170.93446170262322,9,36,0,1,Addis Ababa
2022-09-18,Teff,7615.274364940515,77.56990557140507,58.95279895029601,0,0,7913.457134837181,7847.920728626748,7674.221325857215,7903.796427759505,257.2348470781637,7848.758313923596,191.00534825565043,9,37,0,1,Addis Ababa
2022-09-25,Teff,7769.621052847766,77.59723736812391,27.18465197652085,0,0,7615.274364940515,7913.457134837181,8238.533482633575,7786.568320313052,128.44417500611738,7850.699618204456,189.9819110525376,9,38,0,1,Addis Ababa
2022-10-02,Teff,7643.379214171139,77.59116385163473,25.818259735366183,0,0,7769.621052847766,7615.274364940515,7847.920728626748,7735.43294169915,136.34932172779065,7816.283223601086,200.54649171816232,10,39,0,1,Addis Ababa
2022-10-09,Teff,7756.444315247858,77.60573436498295,22.18329925149459,0,0,7643.379214171139,7769.621052847766,7913.457134837181,7696.17973680182,78.22834248530269,7807.356452395249,201.54456356166827,10,40,0,1,Addis Ababa
2022-10-16,Teff,7638.668352188498,77.67740129584776,0.0,0,0,7756.444315247858,7643.379214171139,7615.274364940515,7702.028233613815,70.67314720665203,7802.91233068666,205.25739562100406,10,41,0,1,Addis Ababa
2022-10-23,Teff,7551.842352981627,77.7033231392492,0.0,0,0,7638.668352188498,7756.444315247858,7769.621052847766,7647.58355864728,83.89318647085943,7717.075939480167,124.92366036803226,10,42,0,1,Addis Ababa
2022-10-30,Teff,7592.974027977936,77.73882680160875,11.615074276958481,0,0,7551.842352981627,7638.668352188498,7643.379214171139,7634.98226209898,88.39976213648575,7685.207601899065,119.16234095220112,10,43,0,1,Addis Ababa
2022-11-06,Teff,7693.80932894521,77.76946982437794,0.0,0,0,7592.974027977936,7551.842352981627,7756.444315247858,7619.323515523318,61.02011116199801,7657.751626162569,76.85156388502885,11,44,0,1,Addis Ababa
2022-11-13,Teff,7556.091506444749,77.66540581660918,0.0,0,0,7693.80932894521,7592.974027977936,7638.668352188498,7598.679304087381,66.05475582658649,7650.353768850598,84.03721622732812,11,45,0,1,Addis Ababa
